id;password;last_login;is_superuser;username;first_name;last_name;email;is_staff;is_active;date_joined;groups;user_permissions
4;pbkdf2_sha256$320000$5y24YqntRDZiBKbgJZqgYb$TMTLYEZVtyn/x5AGmPhvD/icLbOYyp5maXP43TgAhsY=;2022-05-11 08:45:32.556187+00:00;True;le1021;le1021;le1021;le1021;False;True;2022-05-11 08:45:32.046455+00:00;Error retrieving value;Error retrieving value
6;pbkdf2_sha256$320000$J5GZSAkgvcxTSOAc1dBuPO$CKg2xoY2vcshiF6XJNVzBGDd/AnwpY0DU7KlNm8tWEk=;2022-05-18 08:39:28.100867+00:00;True;ga2080;ga2080;ga2080;ga2080;False;True;2022-05-11 13:23:33.349631+00:00;Error retrieving value;Error retrieving value
8;pbkdf2_sha256$320000$Kgv0ge8mXckYggxN6P29rz$RAXZUfiwIJ8Qe3Wh9xGgk3IAyK36MKyoISra6NqIdgY=;2022-05-18 07:31:11.286588+00:00;True;ki2206;ki2206;ki2206;ki2206;True;True;2022-05-11 13:23:55.060077+00:00;Error retrieving value;Error retrieving value
11;pbkdf2_sha256$320000$wPZAsSxnRooRT7RAZb8NkC$fAtBA5LbWamCrQb6ZIksm4KOC93iL5xNnw33wV1N7pw=;2022-05-18 08:38:45.877999+00:00;False;te2038;te2038;te2038;te2038;False;True;2022-05-18 09:02:13.036520+00:00;Error retrieving value;Error retrieving value
